event_time,line,process_step,equipment_id,module_id,module_model,defect_code,failure_mode,detection_method,severity,cell_area,pattern_hint,possible_root_cause,literature_basis
2026-05-20 09:12:05,MODULE-A,EL Inspection,EL-01,GEN-20260520-0001,GEN-MOD-01,CRACK,Cell crack,EL,HIGH,Cell edge,dark line near busbar,Handling stress or lamination/stringing stress,IEA PVPS failure review and EL crack guidance
2026-05-20 09:18:42,MODULE-A,EL Inspection,EL-01,GEN-20260520-0002,GEN-MOD-01,CRACK,Cell crack,EL,HIGH,Middle cell,cross crack,Mechanical load or pre-lamination crack propagation,IEA PVPS crack pattern discussion
2026-05-20 10:05:31,MODULE-A,Lamination,LAM-02,GEN-20260520-0003,GEN-MOD-01,BUBBLE,Bubble/Delamination,Visual,MEDIUM,Cell finger,bubble near finger,Encapsulant void, trapped moisture, or insufficient vacuum,PV bubble/blistering and delamination papers
2026-05-20 10:22:18,MODULE-A,Lamination,LAM-02,GEN-20260520-0004,GEN-MOD-01,BUBBLE,Bubble/Delamination,Visual,MEDIUM,Cell edge,small air pocket,Insufficient vacuum or low adhesion at interface,PV delamination review
2026-05-20 11:43:09,MODULE-A,EL Inspection,EL-02,GEN-20260520-0005,GEN-MOD-01,INACTIVE_AREA,Inactive cell area,EL,HIGH,Cell corner,dark isolated area,Crack-induced electrical isolation,IEA PVPS EL failure table
2026-05-20 12:11:44,MODULE-A,Visual Inspection,VI-01,GEN-20260520-0006,GEN-MOD-01,DISCOLOR,EVA discoloration,Visual,LOW,Encapsulant,yellow/brown region,Encapsulant degradation under thermal/UV stress,PV degradation review
2026-05-20 13:28:17,MODULE-A,Flash Test,FT-01,GEN-20260520-0007,GEN-MOD-01,LOW_POWER,Power loss,Flash,MEDIUM,String section,lower than nameplate,Crack or interconnect resistance issue,PV module failure review
2026-05-20 14:07:23,MODULE-A,Lamination,LAM-03,GEN-20260520-0008,GEN-MOD-01,CRACK,Cell crack,EL,HIGH,Cell edge,repeating crack pattern,Process-induced crack before/during lamination,IEA PVPS production crack pattern
2026-05-20 14:13:56,MODULE-A,Lamination,LAM-03,GEN-20260520-0009,GEN-MOD-01,CRACK,Cell crack,EL,HIGH,Cell edge,repeating crack pattern,Process-induced crack before/during lamination,IEA PVPS production crack pattern
2026-05-20 14:19:34,MODULE-A,Lamination,LAM-03,GEN-20260520-0010,GEN-MOD-01,CRACK,Cell crack,EL,HIGH,Cell edge,repeating crack pattern,Process-induced crack before/during lamination,IEA PVPS production crack pattern
2026-05-20 14:27:41,MODULE-A,Lamination,LAM-03,GEN-20260520-0011,GEN-MOD-01,BUBBLE,Bubble/Delamination,Visual,MEDIUM,Encapsulant,bubble cluster,Vacuum/temperature/process window deviation,PV delamination and blistering literature
2026-05-20 15:02:08,MODULE-A,Final QC,QC-01,GEN-20260520-0012,GEN-MOD-01,PID_SUSPECT,PID suspect,EL,LOW,Module edge,darkening near frame,Humidity/voltage stress requires confirmation,PV degradation review
